Source,Target,inflow,weight
10,1,48,0.0048
11,1,212,0.0212
12,1,14362,1.4362
13,1,21417,2.1417
15,1,920,0.092
16,1,217,0.0217
17,1,2635,0.2635
18,1,1592,0.1592
19,1,508,0.0508
2,1,772,0.0772
20,1,909,0.0909
21,1,2173,0.2173
22,1,1745,0.1745
23,1,68,0.0068
24,1,1258,0.1258
25,1,733,0.0733
26,1,2568,0.2568
27,1,349,0.0349
28,1,7087,0.7087
29,1,1608,0.1608
30,1,335,0.0335
31,1,170,0.017
32,1,701,0.0701
33,1,150,0.015
34,1,731,0.0731
35,1,992,0.0992
36,1,2477,0.2477
37,1,4319,0.4319
38,1,306,0.0306
39,1,2531,0.2531
4,1,1236,0.1236
40,1,922,0.0922
41,1,447,0.0447
42,1,1440,0.144
44,1,233,0.0233
45,1,2071,0.2071
46,1,95,0.0095
47,1,8167,0.8167
48,1,6687,0.6687
49,1,813,0.0813
5,1,1073,0.1073
50,1,70,0.007
51,1,3480,0.348
53,1,767,0.0767
54,1,585,0.0585
55,1,563,0.0563
56,1,237,0.0237
6,1,4382,0.4382
72,1,300,0.03
8,1,1661,0.1661
9,1,650,0.065
AFR,1,601,0.0601
ASI,1,6236,0.6236
CAM,1,1429,0.1429
CAR,1,1214,0.1214
EUR,1,2728,0.2728
ISL,1,176,0.0176
NAM,1,424,0.0424
OCE,1,288,0.0288
SAM,1,881,0.0881
1,2,632,0.0632
10,2,35,0.0035
11,2,0,0
12,2,1561,0.1561
13,2,1126,0.1126
15,2,571,0.0571
16,2,488,0.0488
17,2,837,0.0837
18,2,254,0.0254
19,2,166,0.0166
20,2,701,0.0701
21,2,553,0.0553
22,2,421,0.0421
23,2,92,0.0092
24,2,311,0.0311
25,2,218,0.0218
26,2,469,0.0469
27,2,493,0.0493
28,2,140,0.014
29,2,829,0.0829
30,2,479,0.0479
31,2,128,0.0128
32,2,794,0.0794
33,2,111,0.0111
34,2,223,0.0223
35,2,366,0.0366
36,2,752,0.0752
37,2,1266,0.1266
38,2,77,0.0077
39,2,476,0.0476
4,2,1198,0.1198
40,2,573,0.0573
41,2,1449,0.1449
42,2,497,0.0497
44,2,49,0.0049
45,2,485,0.0485
46,2,192,0.0192
47,2,385,0.0385
48,2,2640,0.264
49,2,769,0.0769
5,2,164,0.0164
50,2,62,0.0062
51,2,523,0.0523
53,2,3669,0.3669
54,2,49,0.0049
55,2,548,0.0548
56,2,151,0.0151
6,2,2965,0.2965
72,2,239,0.0239
8,2,1775,0.1775
9,2,66,0.0066
AFR,2,73,0.0073
ASI,2,2940,0.294
CAM,2,457,0.0457
CAR,2,195,0.0195
EUR,2,1058,0.1058
ISL,2,275,0.0275
NAM,2,253,0.0253
OCE,2,291,0.0291
SAM,2,279,0.0279
1,4,1064,0.1064
10,4,613,0.0613
11,4,257,0.0257
12,4,8315,0.8315
13,4,3792,0.3792
15,4,2368,0.2368
16,4,3356,0.3356
17,4,10837,1.0837
18,4,3775,0.3775
19,4,3098,0.3098
2,4,2736,0.2736
20,4,2428,0.2428
21,4,1771,0.1771
22,4,1441,0.1441
23,4,579,0.0579
24,4,1719,0.1719
25,4,2584,0.2584
26,4,7542,0.7542
27,4,6239,0.6239
28,4,700,0.07
29,4,4338,0.4338
30,4,2033,0.2033
31,4,1751,0.1751
32,4,7514,0.7514
33,4,580,0.058
34,4,3437,0.3437
35,4,7928,0.7928
36,4,5602,0.5602
37,4,3882,0.3882
38,4,1540,0.154
39,4,4783,0.4783
40,4,4258,0.4258
41,4,8906,0.8906
42,4,5191,0.5191
44,4,671,0.0671
45,4,1263,0.1263
46,4,1842,0.1842
47,4,2468,0.2468
48,4,14272,1.4272
49,4,8388,0.8388
5,4,1027,0.1027
50,4,487,0.0487
51,4,4515,0.4515
53,4,13862,1.3862
54,4,407,0.0407
55,4,5570,0.557
56,4,1831,0.1831
6,4,55513,5.5513
72,4,865,0.0865
8,4,11000,1.1
9,4,1322,0.1322
AFR,4,1839,0.1839
ASI,4,14908,1.4908
CAM,4,13703,1.3703
CAR,4,964,0.0964
EUR,4,5242,0.5242
ISL,4,212,0.0212
NAM,4,7899,0.7899
OCE,4,597,0.0597
SAM,4,1766,0.1766
1,5,1112,0.1112
10,5,5,5e-04
11,5,156,0.0156
12,5,1903,0.1903
13,5,2482,0.2482
15,5,128,0.0128
16,5,157,0.0157
17,5,2846,0.2846
18,5,880,0.088
19,5,619,0.0619
2,5,372,0.0372
20,5,1466,0.1466
21,5,1011,0.1011
22,5,3260,0.326
23,5,14,0.0014
24,5,500,0.05
25,5,182,0.0182
26,5,990,0.099
27,5,463,0.0463
28,5,2983,0.2983
29,5,6912,0.6912
30,5,253,0.0253
31,5,401,0.0401
32,5,506,0.0506
33,5,79,0.0079
34,5,267,0.0267
35,5,399,0.0399
36,5,768,0.0768
37,5,1257,0.1257
38,5,68,0.0068
39,5,690,0.069
4,5,1091,0.1091
40,5,7161,0.7161
41,5,421,0.0421
42,5,831,0.0831
44,5,10,0.001
45,5,396,0.0396
46,5,49,0.0049
47,5,4655,0.4655
48,5,15042,1.5042
49,5,610,0.061
50,5,9,9e-04
51,5,1012,0.1012
53,5,1028,0.1028
54,5,146,0.0146
55,5,753,0.0753
56,5,107,0.0107
6,5,4807,0.4807
72,5,297,0.0297
8,5,2087,0.2087
9,5,247,0.0247
AFR,5,328,0.0328
ASI,5,3617,0.3617
CAM,5,1680,0.168
CAR,5,438,0.0438
EUR,5,1466,0.1466
ISL,5,74,0.0074
NAM,5,292,0.0292
OCE,5,222,0.0222
SAM,5,1050,0.105
1,6,5076,0.5076
10,6,853,0.0853
11,6,5003,0.5003
12,6,25058,2.5058
13,6,10998,1.0998
15,6,12903,1.2903
16,6,5631,0.5631
17,6,23198,2.3198
18,6,7049,0.7049
19,6,3358,0.3358
2,6,5708,0.5708
20,6,4712,0.4712
21,6,3589,0.3589
22,6,4970,0.497
23,6,1808,0.1808
24,6,9898,0.9898
25,6,13716,1.3716
26,6,10380,1.038
27,6,7834,0.7834
28,6,2538,0.2538
29,6,7310,0.731
30,6,2340,0.234
31,6,2545,0.2545
32,6,27177,2.7177
33,6,1119,0.1119
34,6,12343,1.2343
35,6,5989,0.5989
36,6,35382,3.5382
37,6,12934,1.2934
38,6,1518,0.1518
39,6,9447,0.9447
4,6,33080,3.308
40,6,5704,0.5704
41,6,20022,2.0022
42,6,13284,1.3284
44,6,1791,0.1791
45,6,6187,0.6187
46,6,1247,0.1247
47,6,6345,0.6345
48,6,38439,3.8439
49,6,11133,1.1133
5,6,3181,0.3181
50,6,897,0.0897
51,6,15900,1.59
53,6,33411,3.3411
54,6,702,0.0702
55,6,6841,0.6841
56,6,1570,0.157
72,6,2333,0.2333
8,6,20187,2.0187
9,6,5159,0.5159
AFR,6,9182,0.9182
ASI,6,166607,16.6607
CAM,6,57465,5.7465
CAR,6,2280,0.228
EUR,6,47380,4.738
ISL,6,1919,0.1919
NAM,6,11916,1.1916
OCE,6,7087,0.7087
SAM,6,12183,1.2183
1,8,2341,0.2341
10,8,279,0.0279
11,8,978,0.0978
12,8,11048,1.1048
13,8,5756,0.5756
15,8,2998,0.2998
16,8,1986,0.1986
17,8,9492,0.9492
18,8,2573,0.2573
19,8,3182,0.3182
2,8,1778,0.1778
20,8,5738,0.5738
21,8,1758,0.1758
22,8,2858,0.2858
23,8,364,0.0364
24,8,2864,0.2864
25,8,2163,0.2163
26,8,3218,0.3218
27,8,4192,0.4192
28,8,1060,0.106
29,8,5572,0.5572
30,8,1696,0.1696
31,8,3728,0.3728
32,8,3509,0.3509
33,8,828,0.0828
34,8,2811,0.2811
35,8,5979,0.5979
36,8,7751,0.7751
37,8,5304,0.5304
38,8,1234,0.1234
39,8,4191,0.4191
4,8,10188,1.0188
40,8,5272,0.5272
41,8,3369,0.3369
42,8,4395,0.4395
44,8,300,0.03
45,8,1797,0.1797
46,8,1435,0.1435
47,8,2796,0.2796
48,8,22800,2.28
49,8,4044,0.4044
5,8,1514,0.1514
50,8,657,0.0657
51,8,6668,0.6668
53,8,6744,0.6744
54,8,368,0.0368
55,8,3758,0.3758
56,8,4196,0.4196
6,8,26672,2.6672
72,8,449,0.0449
9,8,1652,0.1652
AFR,8,2427,0.2427
ASI,8,13664,1.3664
CAM,8,5074,0.5074
CAR,8,625,0.0625
EUR,8,7029,0.7029
ISL,8,490,0.049
NAM,8,1229,0.1229
OCE,8,1133,0.1133
SAM,8,1400,0.14
1,9,408,0.0408
10,9,411,0.0411
11,9,383,0.0383
12,9,6060,0.606
13,9,1545,0.1545
15,9,449,0.0449
16,9,11,0.0011
17,9,1617,0.1617
18,9,468,0.0468
19,9,120,0.012
2,9,874,0.0874
20,9,140,0.014
21,9,254,0.0254
22,9,270,0.027
23,9,870,0.087
24,9,1417,0.1417
25,9,8993,0.8993
26,9,510,0.051
27,9,564,0.0564
28,9,54,0.0054
29,9,711,0.0711
30,9,11,0.0011
31,9,39,0.0039
32,9,228,0.0228
33,9,1242,0.1242
34,9,4891,0.4891
35,9,217,0.0217
36,9,22790,2.279
37,9,1573,0.1573
38,9,59,0.0059
39,9,1205,0.1205
4,9,579,0.0579
40,9,193,0.0193
41,9,354,0.0354
42,9,3730,0.373
44,9,3212,0.3212
45,9,992,0.0992
46,9,93,0.0093
47,9,642,0.0642
48,9,2318,0.2318
49,9,180,0.018
5,9,204,0.0204
50,9,604,0.0604
51,9,2514,0.2514
53,9,704,0.0704
54,9,90,0.009
55,9,275,0.0275
56,9,75,0.0075
6,9,3813,0.3813
72,9,3338,0.3338
8,9,670,0.067
AFR,9,958,0.0958
ASI,9,9473,0.9473
CAM,9,1075,0.1075
CAR,9,1884,0.1884
EUR,9,4112,0.4112
ISL,9,189,0.0189
NAM,9,814,0.0814
OCE,9,171,0.0171
SAM,9,3290,0.329
1,10,148,0.0148
11,10,276,0.0276
12,10,1057,0.1057
13,10,744,0.0744
15,10,47,0.0047
16,10,6,6e-04
17,10,492,0.0492
18,10,52,0.0052
19,10,16,0.0016
2,10,232,0.0232
20,10,30,0.003
21,10,87,0.0087
22,10,58,0.0058
23,10,165,0.0165
24,10,7600,0.76
25,10,568,0.0568
26,10,162,0.0162
27,10,193,0.0193
28,10,76,0.0076
29,10,240,0.024
30,10,29,0.0029
31,10,40,0.004
32,10,13,0.0013
33,10,109,0.0109
34,10,4492,0.4492
35,10,169,0.0169
36,10,3328,0.3328
37,10,936,0.0936
38,10,113,0.0113
39,10,184,0.0184
4,10,141,0.0141
40,10,142,0.0142
41,10,58,0.0058
42,10,10479,1.0479
44,10,7,7e-04
45,10,409,0.0409
46,10,6,6e-04
47,10,220,0.022
48,10,700,0.07
49,10,14,0.0014
5,10,0,0
50,10,52,0.0052
51,10,1194,0.1194
53,10,207,0.0207
54,10,179,0.0179
55,10,100,0.01
56,10,0,0
6,10,633,0.0633
72,10,193,0.0193
8,10,114,0.0114
9,10,649,0.0649
AFR,10,353,0.0353
ASI,10,2765,0.2765
CAM,10,345,0.0345
CAR,10,311,0.0311
EUR,10,455,0.0455
ISL,10,13,0.0013
NAM,10,70,0.007
OCE,10,17,0.0017
SAM,10,327,0.0327
1,11,310,0.031
10,11,300,0.03
12,11,1883,0.1883
13,11,1159,0.1159
15,11,155,0.0155
16,11,144,0.0144
17,11,1700,0.17
18,11,569,0.0569
19,11,88,0.0088
2,11,182,0.0182
20,11,35,0.0035
21,11,219,0.0219
22,11,529,0.0529
23,11,145,0.0145
24,11,12287,1.2287
25,11,2051,0.2051
26,11,714,0.0714
27,11,332,0.0332
28,11,139,0.0139
29,11,341,0.0341
30,11,24,0.0024
31,11,230,0.023
32,11,210,0.021
33,11,82,0.0082
34,11,1994,0.1994
35,11,182,0.0182
36,11,4339,0.4339
37,11,1570,0.157
38,11,28,0.0028
39,11,665,0.0665
4,11,326,0.0326
40,11,99,0.0099
41,11,134,0.0134
42,11,2113,0.2113
44,11,440,0.044
45,11,576,0.0576
46,11,23,0.0023
47,11,655,0.0655
48,11,1850,0.185
49,11,277,0.0277
5,11,86,0.0086
50,11,80,0.008
51,11,8623,0.8623
53,11,388,0.0388
54,11,338,0.0338
55,11,234,0.0234
56,11,41,0.0041
6,11,3862,0.3862
72,11,182,0.0182
8,11,609,0.0609
9,11,1362,0.1362
AFR,11,1309,0.1309
ASI,11,3017,0.3017
CAM,11,665,0.0665
CAR,11,298,0.0298
EUR,11,3700,0.37
ISL,11,77,0.0077
NAM,11,278,0.0278
OCE,11,311,0.0311
SAM,11,963,0.0963
1,12,11524,1.1524
10,12,2317,0.2317
11,12,1416,0.1416
13,12,39554,3.9554
15,12,1696,0.1696
16,12,1164,0.1164
17,12,24113,2.4113
18,12,12872,1.2872
19,12,4280,0.428
2,12,4713,0.4713
20,12,3016,0.3016
21,12,8601,0.8601
22,12,5772,0.5772
23,12,3613,0.3613
24,12,16286,1.6286
25,12,17846,1.7846
26,12,21659,2.1659
27,12,6112,0.6112
28,12,5530,0.553
29,12,9640,0.964
30,12,684,0.0684
31,12,1666,0.1666
32,12,4786,0.4786
33,12,5001,0.5001
34,12,29776,2.9776
35,12,2733,0.2733
36,12,61767,6.1767
37,12,26137,2.6137
38,12,733,0.0733
39,12,25644,2.5644
4,12,7826,0.7826
40,12,4154,0.4154
41,12,2029,0.2029
42,12,29855,2.9855
44,12,3366,0.3366
45,12,12647,1.2647
46,12,813,0.0813
47,12,15082,1.5082
48,12,28428,2.8428
49,12,3309,0.3309
5,12,3453,0.3453
50,12,1972,0.1972
51,12,24883,2.4883
53,12,5503,0.5503
54,12,3166,0.3166
55,12,8441,0.8441
56,12,440,0.044
6,12,26323,2.6323
72,12,25986,2.5986
8,12,9250,0.925
9,12,12672,1.2672
AFR,12,4164,0.4164
ASI,12,28769,2.8769
CAM,12,17760,1.776
CAR,12,45529,4.5529
EUR,12,23952,2.3952
ISL,12,2405,0.2405
NAM,12,20293,2.0293
OCE,12,1534,0.1534
SAM,12,41503,4.1503
1,13,17131,1.7131
10,13,1139,0.1139
11,13,1031,0.1031
12,13,43536,4.3536
15,13,1317,0.1317
16,13,752,0.0752
17,13,8686,0.8686
18,13,3522,0.3522
19,13,1468,0.1468
2,13,1993,0.1993
20,13,3262,0.3262
21,13,3734,0.3734
22,13,5035,0.5035
23,13,567,0.0567
24,13,4891,0.4891
25,13,3521,0.3521
26,13,6563,0.6563
27,13,2039,0.2039
28,13,4786,0.4786
29,13,3078,0.3078
30,13,196,0.0196
31,13,692,0.0692
32,13,1515,0.1515
33,13,580,0.058
34,13,6016,0.6016
35,13,1383,0.1383
36,13,16749,1.6749
37,13,16128,1.6128
38,13,175,0.0175
39,13,8865,0.8865
4,13,4425,0.4425
40,13,2059,0.2059
41,13,958,0.0958
42,13,7124,0.7124
44,13,477,0.0477
45,13,15206,1.5206
46,13,185,0.0185
47,13,17096,1.7096
48,13,17187,1.7187
49,13,1435,0.1435
5,13,1866,0.1866
50,13,266,0.0266
51,13,11377,1.1377
53,13,2910,0.291
54,13,844,0.0844
55,13,3006,0.3006
56,13,448,0.0448
6,13,14597,1.4597
72,13,2689,0.2689
8,13,4391,0.4391
9,13,3603,0.3603
AFR,13,5726,0.5726
ASI,13,25483,2.5483
CAM,13,6407,0.6407
CAR,13,2491,0.2491
EUR,13,7932,0.7932
ISL,13,742,0.0742
NAM,13,1222,0.1222
OCE,13,758,0.0758
SAM,13,3974,0.3974
1,15,564,0.0564
10,15,28,0.0028
11,15,404,0.0404
12,15,2340,0.234
13,15,1990,0.199
16,15,440,0.044
17,15,1476,0.1476
18,15,670,0.067
19,15,449,0.0449
2,15,724,0.0724
20,15,458,0.0458
21,15,269,0.0269
22,15,536,0.0536
23,15,347,0.0347
24,15,852,0.0852
25,15,464,0.0464
26,15,503,0.0503
27,15,409,0.0409
28,15,167,0.0167
29,15,641,0.0641
30,15,97,0.0097
31,15,162,0.0162
32,15,1394,0.1394
33,15,34,0.0034
34,15,335,0.0335
35,15,418,0.0418
36,15,1739,0.1739
37,15,1975,0.1975
38,15,17,0.0017
39,15,681,0.0681
4,15,2023,0.2023
40,15,502,0.0502
41,15,1234,0.1234
42,15,850,0.085
44,15,205,0.0205
45,15,1237,0.1237
46,15,52,0.0052
47,15,820,0.082
48,15,4387,0.4387
49,15,842,0.0842
5,15,72,0.0072
50,15,23,0.0023
51,15,2442,0.2442
53,15,3615,0.3615
54,15,27,0.0027
55,15,239,0.0239
56,15,22,0.0022
6,15,11218,1.1218
72,15,118,0.0118
8,15,2020,0.202
9,15,434,0.0434
AFR,15,105,0.0105
ASI,15,9978,0.9978
CAM,15,384,0.0384
CAR,15,65,0.0065
EUR,15,2136,0.2136
ISL,15,1220,0.122
NAM,15,485,0.0485
OCE,15,1078,0.1078
SAM,15,156,0.0156
1,16,141,0.0141
10,16,27,0.0027
11,16,18,0.0018
12,16,906,0.0906
13,16,488,0.0488
15,16,664,0.0664
17,16,952,0.0952
18,16,126,0.0126
19,16,253,0.0253
2,16,1797,0.1797
20,16,565,0.0565
21,16,341,0.0341
22,16,230,0.023
23,16,160,0.016
24,16,204,0.0204
25,16,220,0.022
26,16,432,0.0432
27,16,525,0.0525
28,16,95,0.0095
29,16,912,0.0912
30,16,1927,0.1927
31,16,223,0.0223
32,16,2376,0.2376
33,16,45,0.0045
34,16,73,0.0073
35,16,671,0.0671
36,16,589,0.0589
37,16,899,0.0899
38,16,717,0.0717
39,16,367,0.0367
4,16,2943,0.2943
40,16,389,0.0389
41,16,4617,0.4617
42,16,491,0.0491
44,16,0,0
45,16,227,0.0227
46,16,626,0.0626
47,16,688,0.0688
48,16,2854,0.2854
49,16,6882,0.6882
5,16,693,0.0693
50,16,227,0.0227
51,16,756,0.0756
53,16,9172,0.9172
54,16,137,0.0137
55,16,277,0.0277
56,16,1997,0.1997
6,16,14778,1.4778
72,16,52,0.0052
8,16,2543,0.2543
9,16,59,0.0059
AFR,16,108,0.0108
ASI,16,2517,0.2517
CAM,16,1675,0.1675
CAR,16,172,0.0172
EUR,16,2063,0.2063
ISL,16,64,0.0064
NAM,16,494,0.0494
OCE,16,297,0.0297
SAM,16,690,0.069
1,17,1889,0.1889
10,17,169,0.0169
11,17,1089,0.1089
12,17,12767,1.2767
13,17,5284,0.5284
15,17,1156,0.1156
16,17,590,0.059
18,17,16104,1.6104
19,17,8691,0.8691
2,17,1429,0.1429
20,17,1819,0.1819
21,17,3276,0.3276
22,17,1614,0.1614
23,17,517,0.0517
24,17,2608,0.2608
25,17,3635,0.3635
26,17,11330,1.133
27,17,4587,0.4587
28,17,1928,0.1928
29,17,14759,1.4759
30,17,545,0.0545
31,17,1444,0.1444
32,17,2308,0.2308
33,17,322,0.0322
34,17,3131,0.3131
35,17,848,0.0848
36,17,7643,0.7643
37,17,4930,0.493
38,17,383,0.0383
39,17,8341,0.8341
4,17,4725,0.4725
40,17,1585,0.1585
41,17,1406,0.1406
42,17,4963,0.4963
44,17,357,0.0357
45,17,1530,0.153
46,17,303,0.0303
47,17,5320,0.532
48,17,12036,1.2036
49,17,981,0.0981
5,17,1789,0.1789
50,17,475,0.0475
51,17,5360,0.536
53,17,3821,0.3821
54,17,642,0.0642
55,17,14327,1.4327
56,17,288,0.0288
6,17,16761,1.6761
72,17,1446,0.1446
8,17,3799,0.3799
9,17,1583,0.1583
AFR,17,6115,0.6115
ASI,17,33385,3.3385
CAM,17,6716,0.6716
CAR,17,1026,0.1026
EUR,17,13029,1.3029
ISL,17,294,0.0294
NAM,17,2095,0.2095
OCE,17,481,0.0481
SAM,17,3684,0.3684
1,18,1362,0.1362
10,18,126,0.0126
11,18,403,0.0403
12,18,8652,0.8652
13,18,3702,0.3702
15,18,798,0.0798
16,18,375,0.0375
17,18,32117,3.2117
19,18,1571,0.1571
2,18,314,0.0314
20,18,1296,0.1296
21,18,10032,1.0032
22,18,831,0.0831
23,18,360,0.036
24,18,1188,0.1188
25,18,981,0.0981
26,18,9709,0.9709
27,18,1486,0.1486
28,18,839,0.0839
29,18,2321,0.2321
30,18,422,0.0422
31,18,356,0.0356
32,18,1448,0.1448
33,18,306,0.0306
34,18,2281,0.2281
35,18,490,0.049
36,18,2371,0.2371
37,18,3652,0.3652
38,18,381,0.0381
39,18,11318,1.1318
4,18,2371,0.2371
40,18,1020,0.102
41,18,1059,0.1059
42,18,2083,0.2083
44,18,129,0.0129
45,18,1295,0.1295
46,18,236,0.0236
47,18,3565,0.3565
48,18,7174,0.7174
49,18,842,0.0842
5,18,962,0.0962
50,18,250,0.025
51,18,2443,0.2443
53,18,2095,0.2095
54,18,294,0.0294
55,18,3085,0.3085
56,18,148,0.0148
6,18,7337,0.7337
72,18,213,0.0213
8,18,2032,0.2032
9,18,753,0.0753
AFR,18,1907,0.1907
ASI,18,13364,1.3364
CAM,18,2417,0.2417
CAR,18,750,0.075
EUR,18,3540,0.354
ISL,18,71,0.0071
NAM,18,575,0.0575
OCE,18,407,0.0407
SAM,18,1351,0.1351
1,19,531,0.0531
10,19,129,0.0129
11,19,49,0.0049
12,19,3007,0.3007
13,19,1268,0.1268
15,19,189,0.0189
16,19,505,0.0505
17,19,13997,1.3997
18,19,2084,0.2084
2,19,891,0.0891
20,19,2053,0.2053
21,19,462,0.0462
22,19,380,0.038
23,19,129,0.0129
24,19,522,0.0522
25,19,347,0.0347
26,19,933,0.0933
27,19,8390,0.839
28,19,337,0.0337
29,19,4258,0.4258
30,19,172,0.0172
31,19,7062,0.7062
32,19,593,0.0593
33,19,74,0.0074
34,19,522,0.0522
35,19,369,0.0369
36,19,562,0.0562
37,19,1225,0.1225
38,19,715,0.0715
39,19,1221,0.1221
4,19,2033,0.2033
40,19,805,0.0805
41,19,484,0.0484
42,19,1166,0.1166
44,19,75,0.0075
45,19,462,0.0462
46,19,1964,0.1964
47,19,1046,0.1046
48,19,3728,0.3728
49,19,549,0.0549
5,19,916,0.0916
50,19,218,0.0218
51,19,785,0.0785
53,19,1524,0.1524
54,19,211,0.0211
55,19,3884,0.3884
56,19,227,0.0227
6,19,3448,0.3448
72,19,28,0.0028
8,19,2327,0.2327
9,19,173,0.0173
AFR,19,1539,0.1539
ASI,19,6510,0.651
CAM,19,1100,0.11
CAR,19,239,0.0239
EUR,19,1973,0.1973
ISL,19,22,0.0022
NAM,19,240,0.024
OCE,19,253,0.0253
SAM,19,782,0.0782
1,20,670,0.067
10,20,48,0.0048
11,20,36,0.0036
12,20,3106,0.3106
13,20,2360,0.236
15,20,440,0.044
16,20,101,0.0101
17,20,2358,0.2358
18,20,936,0.0936
19,20,1906,0.1906
2,20,595,0.0595
21,20,970,0.097
22,20,811,0.0811
23,20,126,0.0126
24,20,719,0.0719
25,20,613,0.0613
26,20,937,0.0937
27,20,1196,0.1196
28,20,169,0.0169
29,20,22368,2.2368
30,20,307,0.0307
31,20,2910,0.291
32,20,779,0.0779
33,20,151,0.0151
34,20,888,0.0888
35,20,785,0.0785
36,20,1669,0.1669
37,20,1804,0.1804
38,20,217,0.0217
39,20,1419,0.1419
4,20,1996,0.1996
40,20,5303,0.5303
41,20,608,0.0608
42,20,746,0.0746
44,20,31,0.0031
45,20,533,0.0533
46,20,438,0.0438
47,20,1250,0.125
48,20,9436,0.9436
49,20,815,0.0815
5,20,1406,0.1406
50,20,44,0.0044
51,20,1864,0.1864
53,20,1444,0.1444
54,20,175,0.0175
55,20,397,0.0397
56,20,281,0.0281
6,20,5838,0.5838
72,20,217,0.0217
8,20,4720,0.472
9,20,360,0.036
AFR,20,1217,0.1217
ASI,20,8333,0.8333
CAM,20,1787,0.1787
CAR,20,291,0.0291
EUR,20,2857,0.2857
ISL,20,37,0.0037
NAM,20,278,0.0278
OCE,20,221,0.0221
SAM,20,1158,0.1158
1,21,1873,0.1873
10,21,159,0.0159
11,21,197,0.0197
12,21,7536,0.7536
13,21,4610,0.461
15,21,467,0.0467
16,21,180,0.018
17,21,5417,0.5417
18,21,11037,1.1037
19,21,967,0.0967
2,21,587,0.0587
20,21,1205,0.1205
22,21,1006,0.1006
23,21,290,0.029
24,21,1680,0.168
25,21,694,0.0694
26,21,2871,0.2871
27,21,760,0.076
28,21,901,0.0901
29,21,2117,0.2117
30,21,37,0.0037
31,21,569,0.0569
32,21,467,0.0467
33,21,332,0.0332
34,21,508,0.0508
35,21,614,0.0614
36,21,3037,0.3037
37,21,3233,0.3233
38,21,56,0.0056
39,21,15721,1.5721
4,21,1013,0.1013
40,21,800,0.08
41,21,466,0.0466
42,21,1930,0.193
44,21,86,0.0086
45,21,1265,0.1265
46,21,177,0.0177
47,21,11192,1.1192
48,21,5797,0.5797
49,21,425,0.0425
5,21,496,0.0496
50,21,115,0.0115
51,21,2719,0.2719
53,21,1427,0.1427
54,21,2465,0.2465
55,21,1039,0.1039
56,21,266,0.0266
6,21,4277,0.4277
72,21,956,0.0956
8,21,1614,0.1614
9,21,373,0.0373
AFR,21,1366,0.1366
ASI,21,8217,0.8217
CAM,21,2233,0.2233
CAR,21,866,0.0866
EUR,21,2095,0.2095
NAM,21,597,0.0597
OCE,21,250,0.025
SAM,21,705,0.0705
1,22,3805,0.3805
10,22,101,0.0101
11,22,214,0.0214
12,22,5630,0.563
13,22,4447,0.4447
15,22,647,0.0647
16,22,113,0.0113
17,22,2571,0.2571
18,22,460,0.046
19,22,600,0.06
2,22,633,0.0633
20,22,727,0.0727
21,22,921,0.0921
23,22,36,0.0036
24,22,851,0.0851
25,22,698,0.0698
26,22,1762,0.1762
27,22,607,0.0607
28,22,8471,0.8471
29,22,1324,0.1324
30,22,301,0.0301
31,22,208,0.0208
32,22,492,0.0492
33,22,193,0.0193
34,22,709,0.0709
35,22,340,0.034
36,22,2398,0.2398
37,22,2679,0.2679
38,22,212,0.0212
39,22,1566,0.1566
4,22,571,0.0571
40,22,1861,0.1861
41,22,863,0.0863
42,22,901,0.0901
44,22,124,0.0124
45,22,1076,0.1076
46,22,171,0.0171
47,22,2426,0.2426
48,22,20638,2.0638
49,22,453,0.0453
5,22,2257,0.2257
50,22,32,0.0032
51,22,2514,0.2514
53,22,1568,0.1568
54,22,348,0.0348
55,22,534,0.0534
56,22,120,0.012
6,22,4959,0.4959
72,22,466,0.0466
8,22,1875,0.1875
9,22,293,0.0293
AFR,22,513,0.0513
ASI,22,4868,0.4868
CAM,22,3266,0.3266
CAR,22,1069,0.1069
EUR,22,3280,0.328
ISL,22,122,0.0122
NAM,22,370,0.037
OCE,22,227,0.0227
SAM,22,733,0.0733
1,23,133,0.0133
10,23,89,0.0089
11,23,114,0.0114
12,23,2640,0.264
13,23,435,0.0435
15,23,226,0.0226
16,23,93,0.0093
17,23,341,0.0341
18,23,110,0.011
19,23,255,0.0255
2,23,224,0.0224
20,23,295,0.0295
21,23,299,0.0299
22,23,522,0.0522
24,23,341,0.0341
25,23,5937,0.5937
26,23,210,0.021
27,23,176,0.0176
28,23,10,0.001
29,23,364,0.0364
30,23,98,0.0098
31,23,99,0.0099
32,23,131,0.0131
33,23,4429,0.4429
34,23,1025,0.1025
35,23,228,0.0228
36,23,2533,0.2533
37,23,798,0.0798
38,23,52,0.0052
39,23,529,0.0529
4,23,370,0.037
40,23,123,0.0123
41,23,211,0.0211
42,23,1774,0.1774
44,23,669,0.0669
45,23,339,0.0339
46,23,11,0.0011
47,23,208,0.0208
48,23,915,0.0915
49,23,275,0.0275
5,23,2,2e-04
50,23,856,0.0856
51,23,682,0.0682
53,23,673,0.0673
54,23,75,0.0075
55,23,236,0.0236
56,23,89,0.0089
6,23,1762,0.1762
72,23,30,0.003
8,23,521,0.0521
9,23,1811,0.1811
AFR,23,912,0.0912
ASI,23,1333,0.1333
CAM,23,299,0.0299
CAR,23,114,0.0114
EUR,23,1024,0.1024
ISL,23,18,0.0018
NAM,23,553,0.0553
OCE,23,49,0.0049
SAM,23,84,0.0084
1,24,1170,0.117
10,24,5268,0.5268
11,24,19984,1.9984
12,24,9416,0.9416
13,24,5934,0.5934
15,24,1907,0.1907
16,24,173,0.0173
17,24,2161,0.2161
18,24,1437,0.1437
19,24,529,0.0529
2,24,816,0.0816
20,24,728,0.0728
21,24,805,0.0805
22,24,616,0.0616
23,24,270,0.027
25,24,3009,0.3009
26,24,1666,0.1666
27,24,711,0.0711
28,24,788,0.0788
29,24,771,0.0771
30,24,69,0.0069
31,24,274,0.0274
32,24,785,0.0785
33,24,282,0.0282
34,24,7320,0.732
35,24,762,0.0762
36,24,13061,1.3061
37,24,7754,0.7754
38,24,162,0.0162
39,24,3217,0.3217
4,24,1749,0.1749
40,24,557,0.0557
41,24,439,0.0439
42,24,13392,1.3392
44,24,675,0.0675
45,24,1996,0.1996
46,24,137,0.0137
47,24,1438,0.1438
48,24,5481,0.5481
49,24,749,0.0749
5,24,281,0.0281
50,24,302,0.0302
51,24,23213,2.3213
53,24,1936,0.1936
54,24,3527,0.3527
55,24,1121,0.1121
56,24,130,0.013
6,24,7940,0.794
72,24,1592,0.1592
8,24,2203,0.2203
9,24,1396,0.1396
AFR,24,8985,0.8985
ASI,24,17029,1.7029
CAM,24,4129,0.4129
CAR,24,1537,0.1537
EUR,24,8269,0.8269
ISL,24,529,0.0529
NAM,24,781,0.0781
OCE,24,622,0.0622
SAM,24,3902,0.3902
1,25,396,0.0396
10,25,508,0.0508
11,25,1351,0.1351
12,25,10697,1.0697
13,25,3088,0.3088
15,25,494,0.0494
16,25,430,0.043
17,25,3612,0.3612
18,25,982,0.0982
19,25,387,0.0387
2,25,903,0.0903
20,25,518,0.0518
21,25,675,0.0675
22,25,559,0.0559
23,25,3887,0.3887
24,25,3289,0.3289
26,25,1608,0.1608
27,25,1116,0.1116
28,25,243,0.0243
29,25,1223,0.1223
30,25,64,0.0064
31,25,291,0.0291
32,25,703,0.0703
33,25,10903,1.0903
34,25,6460,0.646
35,25,473,0.0473
36,25,21010,2.101
37,25,3181,0.3181
38,25,77,0.0077
39,25,2104,0.2104
4,25,1651,0.1651
40,25,530,0.053
41,25,696,0.0696
42,25,6350,0.635
44,25,8560,0.856
45,25,1351,0.1351
46,25,58,0.0058
47,25,773,0.0773
48,25,4248,0.4248
49,25,673,0.0673
5,25,352,0.0352
50,25,2873,0.2873
51,25,4515,0.4515
53,25,1464,0.1464
54,25,230,0.023
55,25,1017,0.1017
56,25,39,0.0039
6,25,12082,1.2082
72,25,4245,0.4245
8,25,2403,0.2403
9,25,10281,1.0281
AFR,25,4476,0.4476
ASI,25,25071,2.5071
CAM,25,3545,0.3545
CAR,25,5539,0.5539
EUR,25,14530,1.453
ISL,25,448,0.0448
NAM,25,2163,0.2163
OCE,25,849,0.0849
SAM,25,7465,0.7465
1,26,2468,0.2468
10,26,130,0.013
11,26,565,0.0565
12,26,12753,1.2753
13,26,5675,0.5675
15,26,542,0.0542
16,26,724,0.0724
17,26,14186,1.4186
18,26,10677,1.0677
19,26,1197,0.1197
2,26,1832,0.1832
20,26,1326,0.1326
21,26,2789,0.2789
22,26,1136,0.1136
23,26,376,0.0376
24,26,1491,0.1491
25,26,2455,0.2455
27,26,2113,0.2113
28,26,1324,0.1324
29,26,2794,0.2794
30,26,500,0.05
31,26,664,0.0664
32,26,1589,0.1589
33,26,329,0.0329
34,26,1737,0.1737
35,26,661,0.0661
36,26,5645,0.5645
37,26,4057,0.4057
38,26,691,0.0691
39,26,13149,1.3149
4,26,4472,0.4472
40,26,930,0.093
41,26,905,0.0905
42,26,3771,0.3771
44,26,310,0.031
45,26,2388,0.2388
46,26,319,0.0319
47,26,5056,0.5056
48,26,8413,0.8413
49,26,741,0.0741
5,26,1339,0.1339
50,26,214,0.0214
51,26,2681,0.2681
53,26,1919,0.1919
54,26,531,0.0531
55,26,4822,0.4822
56,26,509,0.0509
6,26,9338,0.9338
72,26,1204,0.1204
8,26,2211,0.2211
9,26,1037,0.1037
AFR,26,2398,0.2398
ASI,26,27978,2.7978
CAM,26,3788,0.3788
CAR,26,1527,0.1527
EUR,26,6911,0.6911
ISL,26,189,0.0189
NAM,26,2884,0.2884
OCE,26,561,0.0561
SAM,26,1747,0.1747
1,27,315,0.0315
10,27,112,0.0112
11,27,247,0.0247
12,27,3326,0.3326
13,27,2318,0.2318
15,27,449,0.0449
16,27,387,0.0387
17,27,8056,0.8056
18,27,1941,0.1941
19,27,6193,0.6193
2,27,734,0.0734
20,27,1102,0.1102
21,27,337,0.0337
22,27,429,0.0429
23,27,131,0.0131
24,27,874,0.0874
25,27,1096,0.1096
26,27,2573,0.2573
28,27,342,0.0342
29,27,1832,0.1832
30,27,652,0.0652
31,27,1708,0.1708
32,27,853,0.0853
33,27,160,0.016
34,27,797,0.0797
35,27,574,0.0574
36,27,2650,0.265
37,27,1607,0.1607
38,27,9533,0.9533
39,27,2451,0.2451
4,27,3374,0.3374
40,27,787,0.0787
41,27,1267,0.1267
42,27,1146,0.1146
44,27,147,0.0147
45,27,483,0.0483
46,27,4714,0.4714
47,27,1426,0.1426
48,27,5095,0.5095
49,27,1105,0.1105
5,27,655,0.0655
50,27,78,0.0078
51,27,1928,0.1928
53,27,2596,0.2596
54,27,406,0.0406
55,27,18940,1.894
56,27,405,0.0405
6,27,6595,0.6595
72,27,501,0.0501
8,27,3329,0.3329
9,27,539,0.0539
AFR,27,4527,0.4527
ASI,27,12308,1.2308
CAM,27,2472,0.2472
CAR,27,567,0.0567
EUR,27,4349,0.4349
ISL,27,136,0.0136
NAM,27,1283,0.1283
OCE,27,502,0.0502
SAM,27,1680,0.168
1,28,6467,0.6467
10,28,64,0.0064
11,28,25,0.0025
12,28,5135,0.5135
13,28,4083,0.4083
15,28,355,0.0355
16,28,379,0.0379
17,28,2827,0.2827
18,28,815,0.0815
19,28,244,0.0244
2,28,184,0.0184
20,28,222,0.0222
21,28,832,0.0832
22,28,7853,0.7853
23,28,67,0.0067
24,28,539,0.0539
25,28,399,0.0399
26,28,1175,0.1175
27,28,151,0.0151
29,28,1230,0.123
30,28,253,0.0253
31,28,513,0.0513
32,28,435,0.0435
33,28,67,0.0067
34,28,607,0.0607
35,28,254,0.0254
36,28,567,0.0567
37,28,1275,0.1275
38,28,6,6e-04
39,28,1024,0.1024
4,28,740,0.074
40,28,760,0.076
41,28,215,0.0215
42,28,784,0.0784
44,28,15,0.0015
45,28,1177,0.1177
46,28,11,0.0011
47,28,10436,1.0436
48,28,6614,0.6614
49,28,115,0.0115
5,28,2045,0.2045
50,28,0,0
51,28,1062,0.1062
53,28,1076,0.1076
54,28,495,0.0495
55,28,579,0.0579
56,28,51,0.0051
6,28,4240,0.424
72,28,493,0.0493
8,28,703,0.0703
9,28,119,0.0119
AFR,28,214,0.0214
ASI,28,2721,0.2721
CAM,28,1336,0.1336
CAR,28,849,0.0849
EUR,28,728,0.0728
ISL,28,33,0.0033
NAM,28,195,0.0195
OCE,28,144,0.0144
SAM,28,421,0.0421
1,30,140,0.014
10,30,0,0
11,30,15,0.0015
12,30,815,0.0815
13,30,307,0.0307
15,30,123,0.0123
16,30,2298,0.2298
17,30,868,0.0868
18,30,541,0.0541
19,30,254,0.0254
2,30,824,0.0824
20,30,350,0.035
21,30,97,0.0097
22,30,196,0.0196
23,30,97,0.0097
24,30,205,0.0205
25,30,266,0.0266
26,30,628,0.0628
27,30,1017,0.1017
28,30,188,0.0188
29,30,470,0.047
31,30,190,0.019
32,30,797,0.0797
33,30,134,0.0134
34,30,83,0.0083
35,30,328,0.0328
36,30,315,0.0315
37,30,668,0.0668
38,30,1715,0.1715
39,30,219,0.0219
4,30,1187,0.1187
40,30,301,0.0301
41,30,1612,0.1612
42,30,543,0.0543
44,30,15,0.0015
45,30,108,0.0108
46,30,351,0.0351
47,30,98,0.0098
48,30,2571,0.2571
49,30,1508,0.1508
5,30,429,0.0429
50,30,127,0.0127
51,30,371,0.0371
53,30,4899,0.4899
54,30,62,0.0062
55,30,488,0.0488
56,30,1932,0.1932
6,30,4665,0.4665
72,30,36,0.0036
8,30,2252,0.2252
9,30,15,0.0015
AFR,30,163,0.0163
ASI,30,1181,0.1181
CAM,30,430,0.043
CAR,30,123,0.0123
EUR,30,1085,0.1085
ISL,30,37,0.0037
NAM,30,242,0.0242
OCE,30,186,0.0186
SAM,30,144,0.0144
1,31,326,0.0326
10,31,20,0.002
11,31,32,0.0032
12,31,2048,0.2048
13,31,882,0.0882
15,31,174,0.0174
16,31,406,0.0406
17,31,2276,0.2276
18,31,377,0.0377
19,31,7226,0.7226
2,31,415,0.0415
20,31,2847,0.2847
21,31,417,0.0417
22,31,300,0.03
23,31,153,0.0153
24,31,521,0.0521
25,31,293,0.0293
26,31,773,0.0773
27,31,1925,0.1925
28,31,138,0.0138
29,31,1935,0.1935
30,31,294,0.0294
32,31,626,0.0626
33,31,84,0.0084
34,31,245,0.0245
35,31,640,0.064
36,31,569,0.0569
37,31,471,0.0471
38,31,581,0.0581
39,31,415,0.0415
4,31,1361,0.1361
40,31,942,0.0942
41,31,323,0.0323
42,31,622,0.0622
44,31,212,0.0212
45,31,389,0.0389
46,31,2375,0.2375
47,31,391,0.0391
48,31,3630,0.363
49,31,1232,0.1232
5,31,407,0.0407
50,31,6,6e-04
51,31,931,0.0931
53,31,482,0.0482
54,31,48,0.0048
55,31,607,0.0607
56,31,792,0.0792
6,31,3443,0.3443
72,31,196,0.0196
8,31,4321,0.4321
9,31,253,0.0253
AFR,31,892,0.0892
ASI,31,4383,0.4383
CAM,31,999,0.0999
CAR,31,251,0.0251
EUR,31,1572,0.1572
ISL,31,40,0.004
NAM,31,297,0.0297
OCE,31,29,0.0029
SAM,31,430,0.043
1,32,705,0.0705
10,32,160,0.016
11,32,212,0.0212
12,32,5576,0.5576
13,32,1457,0.1457
15,32,4402,0.4402
16,32,2702,0.2702
17,32,3541,0.3541
18,32,965,0.0965
19,32,649,0.0649
2,32,1361,0.1361
20,32,637,0.0637
21,32,889,0.0889
22,32,358,0.0358
23,32,140,0.014
24,32,925,0.0925
25,32,646,0.0646
26,32,1814,0.1814
27,32,1632,0.1632
28,32,434,0.0434
29,32,1137,0.1137
30,32,856,0.0856
31,32,645,0.0645
33,32,188,0.0188
34,32,1042,0.1042
35,32,2247,0.2247
36,32,2890,0.289
37,32,1880,0.188
38,32,182,0.0182
39,32,1625,0.1625
4,32,5848,0.5848
40,32,504,0.0504
41,32,2504,0.2504
42,32,1735,0.1735
44,32,137,0.0137
45,32,977,0.0977
46,32,557,0.0557
47,32,1094,0.1094
48,32,4676,0.4676
49,32,5240,0.524
5,32,526,0.0526
50,32,79,0.0079
51,32,1606,0.1606
53,32,5544,0.5544
54,32,181,0.0181
55,32,932,0.0932
56,32,758,0.0758
6,32,48617,4.8617
72,32,400,0.04
8,32,3768,0.3768
9,32,756,0.0756
AFR,32,757,0.0757
ASI,32,6121,0.6121
CAM,32,2589,0.2589
CAR,32,1181,0.1181
EUR,32,2430,0.243
ISL,32,519,0.0519
NAM,32,636,0.0636
OCE,32,488,0.0488
SAM,32,1196,0.1196
1,33,115,0.0115
10,33,42,0.0042
11,33,149,0.0149
12,33,2375,0.2375
13,33,443,0.0443
15,33,135,0.0135
16,33,28,0.0028
17,33,608,0.0608
18,33,352,0.0352
19,33,84,0.0084
2,33,286,0.0286
20,33,150,0.015
21,33,207,0.0207
22,33,209,0.0209
23,33,3821,0.3821
24,33,701,0.0701
25,33,19059,1.9059
26,33,296,0.0296
27,33,134,0.0134
28,33,156,0.0156
29,33,128,0.0128
30,33,96,0.0096
31,33,46,0.0046
32,33,479,0.0479
34,33,668,0.0668
35,33,55,0.0055
36,33,3137,0.3137
37,33,739,0.0739
38,33,177,0.0177
39,33,328,0.0328
4,33,338,0.0338
40,33,110,0.011
41,33,167,0.0167
42,33,1396,0.1396
44,33,872,0.0872
45,33,144,0.0144
46,33,31,0.0031
47,33,158,0.0158
48,33,1059,0.1059
49,33,249,0.0249
5,33,262,0.0262
50,33,2558,0.2558
51,33,676,0.0676
53,33,198,0.0198
54,33,249,0.0249
55,33,197,0.0197
56,33,0,0
6,33,1826,0.1826
72,33,374,0.0374
8,33,589,0.0589
9,33,2448,0.2448
AFR,33,380,0.038
ASI,33,3368,0.3368
CAM,33,275,0.0275
CAR,33,302,0.0302
EUR,33,1043,0.1043
ISL,33,61,0.0061
NAM,33,378,0.0378
OCE,33,93,0.0093
SAM,33,282,0.0282
1,34,305,0.0305
10,34,1600,0.16
11,34,875,0.0875
12,34,10444,1.0444
13,34,3247,0.3247
15,34,359,0.0359
16,34,54,0.0054
17,34,2215,0.2215
18,34,1082,0.1082
19,34,67,0.0067
2,34,575,0.0575
20,34,515,0.0515
21,34,410,0.041
22,34,901,0.0901
23,34,375,0.0375
24,34,3795,0.3795
25,34,3601,0.3601
26,34,1785,0.1785
27,34,750,0.075
28,34,206,0.0206
29,34,759,0.0759
30,34,192,0.0192
31,34,212,0.0212
32,34,462,0.0462
33,34,368,0.0368
35,34,386,0.0386
36,34,49877,4.9877
37,34,3664,0.3664
38,34,151,0.0151
39,34,1503,0.1503
4,34,1082,0.1082
40,34,223,0.0223
41,34,577,0.0577
42,34,21586,2.1586
44,34,654,0.0654
45,34,1558,0.1558
46,34,61,0.0061
47,34,1140,0.114
48,34,4868,0.4868
49,34,186,0.0186
5,34,224,0.0224
50,34,364,0.0364
51,34,4649,0.4649
53,34,948,0.0948
54,34,444,0.0444
55,34,622,0.0622
56,34,61,0.0061
6,34,6526,0.6526
72,34,4061,0.4061
8,34,1104,0.1104
9,34,3205,0.3205
AFR,34,4767,0.4767
ASI,34,29099,2.9099
CAM,34,4909,0.4909
CAR,34,6889,0.6889
EUR,34,9185,0.9185
ISL,34,225,0.0225
NAM,34,1903,0.1903
OCE,34,443,0.0443
SAM,34,5791,0.5791
1,35,289,0.0289
10,35,104,0.0104
11,35,82,0.0082
12,35,1995,0.1995
13,35,782,0.0782
15,35,426,0.0426
16,35,364,0.0364
17,35,1232,0.1232
18,35,559,0.0559
19,35,234,0.0234
2,35,948,0.0948
20,35,344,0.0344
21,35,257,0.0257
22,35,619,0.0619
23,35,296,0.0296
24,35,1000,0.1
25,35,521,0.0521
26,35,834,0.0834
27,35,447,0.0447
28,35,404,0.0404
29,35,1053,0.1053
30,35,370,0.037
31,35,276,0.0276
32,35,1093,0.1093
33,35,315,0.0315
34,35,398,0.0398
36,35,1083,0.1083
37,35,689,0.0689
38,35,39,0.0039
39,35,748,0.0748
4,35,6537,0.6537
40,35,1619,0.1619
41,35,979,0.0979
42,35,674,0.0674
44,35,59,0.0059
45,35,790,0.079
46,35,172,0.0172
47,35,670,0.067
48,35,15135,1.5135
49,35,1081,0.1081
5,35,221,0.0221
50,35,75,0.0075
51,35,1410,0.141
53,35,1305,0.1305
54,35,79,0.0079
55,35,454,0.0454
56,35,328,0.0328
6,35,5573,0.5573
72,35,195,0.0195
8,35,4632,0.4632
9,35,279,0.0279
AFR,35,264,0.0264
ASI,35,3011,0.3011
CAM,35,4371,0.4371
CAR,35,36,0.0036
EUR,35,2206,0.2206
ISL,35,55,0.0055
NAM,35,286,0.0286
OCE,35,208,0.0208
SAM,35,352,0.0352
1,36,1198,0.1198
10,36,1254,0.1254
11,36,3870,0.387
12,36,26274,2.6274
13,36,7498,0.7498
15,36,1233,0.1233
16,36,448,0.0448
17,36,7331,0.7331
18,36,1858,0.1858
19,36,876,0.0876
2,36,2497,0.2497
20,36,1147,0.1147
21,36,1124,0.1124
22,36,1498,0.1498
23,36,1428,0.1428
24,36,7471,0.7471
25,36,15864,1.5864
26,36,3408,0.3408
27,36,1459,0.1459
28,36,960,0.096
29,36,2726,0.2726
30,36,248,0.0248
31,36,135,0.0135
32,36,1723,0.1723
33,36,1875,0.1875
34,36,32940,3.294
35,36,993,0.0993
37,36,10270,1.027
38,36,292,0.0292
39,36,6119,0.6119
4,36,5270,0.527
40,36,1436,0.1436
41,36,1727,0.1727
42,36,23742,2.3742
44,36,1796,0.1796
45,36,5435,0.5435
46,36,191,0.0191
47,36,2736,0.2736
48,36,11744,1.1744
49,36,1218,0.1218
5,36,714,0.0714
50,36,2723,0.2723
51,36,10143,1.0143
53,36,4276,0.4276
54,36,985,0.0985
55,36,1813,0.1813
56,36,219,0.0219
6,36,23518,2.3518
72,36,6109,0.6109
8,36,3052,0.3052
9,36,14558,1.4558
AFR,36,6808,0.6808
ASI,36,62348,6.2348
CAM,36,7376,0.7376
CAR,36,21179,2.1179
EUR,36,29388,2.9388
ISL,36,441,0.0441
NAM,36,4975,0.4975
OCE,36,2918,0.2918
SAM,36,13098,1.3098
1,37,3882,0.3882
10,37,1235,0.1235
11,37,2125,0.2125
12,37,28213,2.8213
13,37,19284,1.9284
15,37,1960,0.196
16,37,643,0.0643
17,37,7274,0.7274
18,37,3514,0.3514
19,37,1446,0.1446
2,37,2270,0.227
20,37,1956,0.1956
21,37,3192,0.3192
22,37,2103,0.2103
23,37,1324,0.1324
24,37,10379,1.0379
25,37,5801,0.5801
26,37,6002,0.6002
27,37,2482,0.2482
28,37,1323,0.1323
29,37,3159,0.3159
30,37,476,0.0476
31,37,842,0.0842
32,37,1748,0.1748
33,37,1228,0.1228
34,37,11152,1.1152
35,37,1100,0.11
36,37,25267,2.5267
38,37,510,0.051
39,37,9739,0.9739
4,37,4682,0.4682
40,37,1573,0.1573
41,37,1299,0.1299
42,37,12633,1.2633
44,37,799,0.0799
45,37,26869,2.6869
46,37,595,0.0595
47,37,7696,0.7696
48,37,13385,1.3385
49,37,977,0.0977
5,37,865,0.0865
50,37,624,0.0624
51,37,30914,3.0914
53,37,3646,0.3646
54,37,3605,0.3605
55,37,1983,0.1983
56,37,291,0.0291
6,37,18037,1.8037
72,37,1726,0.1726
8,37,4305,0.4305
9,37,5684,0.5684
AFR,37,3820,0.382
ASI,37,23535,2.3535
CAM,37,6869,0.6869
CAR,37,2126,0.2126
EUR,37,8974,0.8974
ISL,37,517,0.0517
NAM,37,1046,0.1046
OCE,37,723,0.0723
SAM,37,2350,0.235
1,38,123,0.0123
10,38,26,0.0026
11,38,29,0.0029
12,38,1010,0.101
13,38,301,0.0301
15,38,117,0.0117
16,38,489,0.0489
17,38,428,0.0428
18,38,203,0.0203
19,38,830,0.083
2,38,211,0.0211
20,38,214,0.0214
21,38,114,0.0114
22,38,218,0.0218
23,38,0,0
24,38,95,0.0095
25,38,48,0.0048
26,38,821,0.0821
27,38,13866,1.3866
28,38,378,0.0378
29,38,641,0.0641
30,38,1465,0.1465
31,38,495,0.0495
32,38,252,0.0252
33,38,124,0.0124
34,38,259,0.0259
35,38,138,0.0138
36,38,698,0.0698
37,38,145,0.0145
39,38,552,0.0552
4,38,915,0.0915
40,38,244,0.0244
41,38,485,0.0485
42,38,460,0.046
44,38,5,5e-04
45,38,264,0.0264
46,38,1930,0.193
47,38,428,0.0428
48,38,2289,0.2289
49,38,290,0.029
5,38,127,0.0127
50,38,22,0.0022
51,38,256,0.0256
53,38,1101,0.1101
54,38,67,0.0067
55,38,632,0.0632
56,38,669,0.0669
6,38,2414,0.2414
72,38,253,0.0253
8,38,988,0.0988
9,38,66,0.0066
AFR,38,448,0.0448
ASI,38,1696,0.1696
CAM,38,67,0.0067
CAR,38,147,0.0147
EUR,38,517,0.0517
ISL,38,68,0.0068
NAM,38,383,0.0383
OCE,38,14,0.0014
SAM,38,333,0.0333
1,39,2009,0.2009
10,39,398,0.0398
11,39,885,0.0885
12,39,14972,1.4972
13,39,4658,0.4658
15,39,447,0.0447
16,39,470,0.047
17,39,10063,1.0063
18,39,11667,1.1667
19,39,1323,0.1323
2,39,647,0.0647
20,39,1349,0.1349
21,39,14451,1.4451
22,39,1331,0.1331
23,39,387,0.0387
24,39,3495,0.3495
25,39,2942,0.2942
26,39,13462,1.3462
27,39,1800,0.18
28,39,928,0.0928
29,39,2513,0.2513
30,39,437,0.0437
31,39,578,0.0578
32,39,1465,0.1465
33,39,1098,0.1098
34,39,3619,0.3619
35,39,786,0.0786
36,39,9956,0.9956
37,39,8474,0.8474
38,39,265,0.0265
4,39,3079,0.3079
40,39,1281,0.1281
41,39,1300,0.13
42,39,14788,1.4788
44,39,545,0.0545
45,39,2528,0.2528
46,39,113,0.0113
47,39,5884,0.5884
48,39,9695,0.9695
49,39,1559,0.1559
5,39,1146,0.1146
50,39,280,0.028
51,39,6643,0.6643
53,39,3247,0.3247
54,39,9000,0.9
55,39,2233,0.2233
56,39,153,0.0153
6,39,10156,1.0156
72,39,3307,0.3307
8,39,3547,0.3547
9,39,1577,0.1577
AFR,39,4537,0.4537
ASI,39,25018,2.5018
CAM,39,2918,0.2918
CAR,39,781,0.0781
EUR,39,6209,0.6209
ISL,39,267,0.0267
NAM,39,1543,0.1543
OCE,39,487,0.0487
SAM,39,1019,0.1019
1,40,871,0.0871
10,40,171,0.0171
11,40,221,0.0221
12,40,3728,0.3728
13,40,2366,0.2366
15,40,455,0.0455
16,40,469,0.0469
17,40,2242,0.2242
18,40,1535,0.1535
19,40,1190,0.119
2,40,972,0.0972
20,40,7890,0.789
21,40,1233,0.1233
22,40,2027,0.2027
23,40,140,0.014
24,40,932,0.0932
25,40,468,0.0468
26,40,2204,0.2204
27,40,815,0.0815
28,40,1183,0.1183
29,40,4741,0.4741
30,40,374,0.0374
31,40,651,0.0651
32,40,830,0.083
33,40,174,0.0174
34,40,535,0.0535
35,40,1411,0.1411
36,40,2143,0.2143
37,40,1915,0.1915
38,40,341,0.0341
39,40,1408,0.1408
4,40,2761,0.2761
41,40,502,0.0502
42,40,1292,0.1292
44,40,225,0.0225
45,40,1018,0.1018
46,40,232,0.0232
47,40,1659,0.1659
48,40,28686,2.8686
49,40,731,0.0731
5,40,7411,0.7411
50,40,77,0.0077
51,40,1403,0.1403
53,40,1828,0.1828
54,40,296,0.0296
55,40,901,0.0901
56,40,391,0.0391
6,40,8348,0.8348
72,40,367,0.0367
8,40,4001,0.4001
9,40,227,0.0227
AFR,40,707,0.0707
ASI,40,7223,0.7223
CAM,40,3577,0.3577
CAR,40,230,0.023
EUR,40,2381,0.2381
ISL,40,426,0.0426
NAM,40,308,0.0308
OCE,40,411,0.0411
SAM,40,862,0.0862
1,41,297,0.0297
10,41,174,0.0174
11,41,398,0.0398
12,41,2918,0.2918
13,41,996,0.0996
15,41,2870,0.287
16,41,5839,0.5839
17,41,2201,0.2201
18,41,881,0.0881
19,41,664,0.0664
2,41,2559,0.2559
20,41,1057,0.1057
21,41,363,0.0363
22,41,1168,0.1168
23,41,230,0.023
24,41,972,0.0972
25,41,1388,0.1388
26,41,1247,0.1247
27,41,1709,0.1709
28,41,454,0.0454
29,41,980,0.098
30,41,2317,0.2317
31,41,783,0.0783
32,41,2611,0.2611
33,41,305,0.0305
34,41,648,0.0648
35,41,1546,0.1546
36,41,2454,0.2454
37,41,1524,0.1524
38,41,637,0.0637
39,41,1035,0.1035
4,41,7225,0.7225
40,41,1399,0.1399
42,41,1802,0.1802
44,41,153,0.0153
45,41,631,0.0631
46,41,386,0.0386
47,41,1029,0.1029
48,41,6504,0.6504
49,41,3047,0.3047
5,41,640,0.064
50,41,223,0.0223
51,41,2729,0.2729
53,41,25381,2.5381
54,41,82,0.0082
55,41,1161,0.1161
56,41,934,0.0934
6,41,38600,3.86
72,41,35,0.0035
8,41,4181,0.4181
9,41,609,0.0609
AFR,41,1551,0.1551
ASI,41,10440,1.044
CAM,41,2740,0.274
CAR,41,371,0.0371
EUR,41,4800,0.48
ISL,41,381,0.0381
NAM,41,915,0.0915
OCE,41,635,0.0635
SAM,41,1056,0.1056
1,42,1432,0.1432
10,42,6830,0.683
11,42,1897,0.1897
12,42,14759,1.4759
13,42,5470,0.547
15,42,725,0.0725
16,42,497,0.0497
17,42,4021,0.4021
18,42,2191,0.2191
19,42,791,0.0791
2,42,876,0.0876
20,42,895,0.0895
21,42,1667,0.1667
22,42,941,0.0941
23,42,1174,0.1174
24,42,18881,1.8881
25,42,6497,0.6497
26,42,3541,0.3541
27,42,1405,0.1405
28,42,661,0.0661
29,42,1505,0.1505
30,42,272,0.0272
31,42,356,0.0356
32,42,925,0.0925
33,42,1236,0.1236
34,42,38813,3.8813
35,42,506,0.0506
36,42,35343,3.5343
37,42,8239,0.8239
38,42,261,0.0261
39,42,11736,1.1736
4,42,2644,0.2644
40,42,1110,0.111
41,42,1403,0.1403
44,42,1085,0.1085
45,42,3165,0.3165
46,42,380,0.038
47,42,2835,0.2835
48,42,8868,0.8868
49,42,1358,0.1358
5,42,862,0.0862
50,42,842,0.0842
51,42,10647,1.0647
53,42,2437,0.2437
54,42,4307,0.4307
55,42,1559,0.1559
56,42,257,0.0257
6,42,9716,0.9716
72,42,7651,0.7651
8,42,2660,0.266
9,42,4902,0.4902
AFR,42,5303,0.5303
ASI,42,27773,2.7773
CAM,42,3406,0.3406
CAR,42,3431,0.3431
EUR,42,10366,1.0366
ISL,42,357,0.0357
NAM,42,1455,0.1455
OCE,42,1043,0.1043
SAM,42,2832,0.2832
1,44,191,0.0191
10,44,82,0.0082
11,44,26,0.0026
12,44,2702,0.2702
13,44,719,0.0719
15,44,69,0.0069
16,44,76,0.0076
17,44,355,0.0355
18,44,68,0.0068
19,44,79,0.0079
2,44,60,0.006
20,44,78,0.0078
21,44,99,0.0099
22,44,312,0.0312
23,44,394,0.0394
24,44,689,0.0689
25,44,10335,1.0335
26,44,435,0.0435
27,44,185,0.0185
28,44,166,0.0166
29,44,115,0.0115
30,44,123,0.0123
31,44,142,0.0142
32,44,59,0.0059
33,44,845,0.0845
34,44,1404,0.1404
35,44,11,0.0011
36,44,3140,0.314
37,44,957,0.0957
38,44,20,0.002
39,44,241,0.0241
4,44,232,0.0232
40,44,14,0.0014
41,44,88,0.0088
42,44,897,0.0897
45,44,466,0.0466
46,44,21,0.0021
47,44,397,0.0397
48,44,894,0.0894
49,44,132,0.0132
5,44,57,0.0057
50,44,308,0.0308
51,44,872,0.0872
53,44,464,0.0464
54,44,20,0.002
55,44,101,0.0101
56,44,0,0
6,44,1889,0.1889
72,44,608,0.0608
8,44,280,0.028
9,44,3284,0.3284
AFR,44,580,0.058
ASI,44,3068,0.3068
CAM,44,376,0.0376
CAR,44,599,0.0599
EUR,44,1304,0.1304
ISL,44,72,0.0072
NAM,44,295,0.0295
OCE,44,59,0.0059
SAM,44,390,0.039
1,45,2408,0.2408
10,45,351,0.0351
11,45,630,0.063
12,45,14265,1.4265
13,45,15273,1.5273
15,45,691,0.0691
16,45,600,0.06
17,45,3342,0.3342
18,45,2487,0.2487
19,45,374,0.0374
2,45,618,0.0618
20,45,872,0.0872
21,45,2463,0.2463
22,45,1574,0.1574
23,45,1191,0.1191
24,45,4455,0.4455
25,45,2584,0.2584
26,45,3329,0.3329
27,45,964,0.0964
28,45,1168,0.1168
29,45,2025,0.2025
30,45,244,0.0244
31,45,299,0.0299
32,45,633,0.0633
33,45,932,0.0932
34,45,5357,0.5357
35,45,520,0.052
36,45,9951,0.9951
37,45,29212,2.9212
38,45,157,0.0157
39,45,6390,0.639
4,45,1887,0.1887
40,45,1146,0.1146
41,45,546,0.0546
42,45,7945,0.7945
44,45,717,0.0717
46,45,274,0.0274
47,45,4157,0.4157
48,45,7058,0.7058
49,45,571,0.0571
5,45,1071,0.1071
50,45,209,0.0209
51,45,8076,0.8076
53,45,2241,0.2241
54,45,1890,0.189
55,45,1137,0.1137
56,45,112,0.0112
6,45,6618,0.6618
72,45,964,0.0964
8,45,2428,0.2428
9,45,3557,0.3557
AFR,45,1833,0.1833
ASI,45,7175,0.7175
CAM,45,2770,0.277
CAR,45,930,0.093
EUR,45,3530,0.353
ISL,45,325,0.0325
NAM,45,975,0.0975
OCE,45,239,0.0239
SAM,45,753,0.0753
1,46,41,0.0041
10,46,0,0
11,46,5,5e-04
12,46,443,0.0443
13,46,213,0.0213
15,46,99,0.0099
16,46,86,0.0086
17,46,452,0.0452
18,46,423,0.0423
19,46,2797,0.2797
2,46,266,0.0266
20,46,611,0.0611
21,46,51,0.0051
22,46,306,0.0306
23,46,8,8e-04
24,46,162,0.0162
25,46,114,0.0114
26,46,136,0.0136
27,46,4527,0.4527
28,46,36,0.0036
29,46,263,0.0263
30,46,457,0.0457
31,46,2211,0.2211
32,46,364,0.0364
33,46,25,0.0025
34,46,46,0.0046
35,46,211,0.0211
36,46,348,0.0348
37,46,272,0.0272
38,46,2129,0.2129
39,46,261,0.0261
4,46,1033,0.1033
40,46,267,0.0267
41,46,132,0.0132
42,46,131,0.0131
44,46,79,0.0079
45,46,203,0.0203
47,46,509,0.0509
48,46,1399,0.1399
49,46,297,0.0297
5,46,106,0.0106
50,46,29,0.0029
51,46,537,0.0537
53,46,493,0.0493
54,46,38,0.0038
55,46,680,0.068
56,46,1493,0.1493
6,46,2503,0.2503
72,46,66,0.0066
8,46,1293,0.1293
9,46,7,7e-04
AFR,46,404,0.0404
ASI,46,1725,0.1725
CAM,46,351,0.0351
CAR,46,56,0.0056
EUR,46,515,0.0515
ISL,46,30,0.003
NAM,46,120,0.012
OCE,46,22,0.0022
SAM,46,161,0.0161
1,47,8697,0.8697
10,47,385,0.0385
11,47,574,0.0574
12,47,17497,1.7497
13,47,15660,1.566
15,47,738,0.0738
16,47,931,0.0931
17,47,9579,0.9579
18,47,5466,0.5466
19,47,798,0.0798
2,47,1063,0.1063
20,47,1689,0.1689
21,47,11966,1.1966
22,47,3158,0.3158
23,47,928,0.0928
24,47,1826,0.1826
25,47,2155,0.2155
26,47,5476,0.5476
27,47,1616,0.1616
28,47,9307,0.9307
29,47,3568,0.3568
30,47,266,0.0266
31,47,507,0.0507
32,47,653,0.0653
33,47,248,0.0248
34,47,1300,0.13
35,47,380,0.038
36,47,4836,0.4836
37,47,10060,1.006
38,47,186,0.0186
39,47,5662,0.5662
4,47,2554,0.2554
40,47,1963,0.1963
41,47,797,0.0797
42,47,3105,0.3105
44,47,250,0.025
45,47,4387,0.4387
46,47,296,0.0296
48,47,11439,1.1439
49,47,613,0.0613
5,47,5796,0.5796
50,47,316,0.0316
51,47,7832,0.7832
53,47,1947,0.1947
54,47,1238,0.1238
55,47,1675,0.1675
56,47,203,0.0203
6,47,9041,0.9041
72,47,655,0.0655
8,47,1946,0.1946
9,47,1045,0.1045
AFR,47,2150,0.215
ASI,47,10019,1.0019
CAM,47,4480,0.448
CAR,47,889,0.0889
EUR,47,4462,0.4462
ISL,47,308,0.0308
NAM,47,901,0.0901
OCE,47,584,0.0584
SAM,47,1069,0.1069
1,48,7839,0.7839
10,48,1219,0.1219
11,48,1425,0.1425
12,48,33704,3.3704
13,48,18746,1.8746
15,48,4807,0.4807
16,48,2155,0.2155
17,48,24393,2.4393
18,48,9323,0.9323
19,48,6055,0.6055
2,48,5025,0.5025
20,48,10418,1.0418
21,48,6376,0.6376
22,48,28288,2.8288
23,48,1066,0.1066
24,48,9792,0.9792
25,48,6180,0.618
26,48,9946,0.9946
27,48,6935,0.6935
28,48,10401,1.0401
29,48,15174,1.5174
30,48,1127,0.1127
31,48,4061,0.4061
32,48,7863,0.7863
33,48,1315,0.1315
34,48,8503,0.8503
35,48,17518,1.7518
36,48,21083,2.1083
37,48,14651,1.4651
38,48,1231,0.1231
39,48,11887,1.1887
4,48,18055,1.8055
40,48,26127,2.6127
41,48,3994,0.3994
42,48,11892,1.1892
44,48,1138,0.1138
45,48,6928,0.6928
46,48,1433,0.1433
47,48,14342,1.4342
49,48,6868,0.6868
5,48,13600,1.36
50,48,439,0.0439
51,48,17168,1.7168
53,48,11835,1.1835
54,48,1823,0.1823
55,48,6078,0.6078
56,48,2149,0.2149
6,48,66399,6.6399
72,48,6722,0.6722
8,48,20099,2.0099
9,48,2645,0.2645
AFR,48,16919,1.6919
ASI,48,75184,7.5184
CAM,48,64616,6.4616
CAR,48,6781,0.6781
EUR,48,23497,2.3497
ISL,48,2319,0.2319
NAM,48,5946,0.5946
OCE,48,3181,0.3181
SAM,48,12707,1.2707
1,49,487,0.0487
10,49,92,0.0092
11,49,312,0.0312
12,49,2428,0.2428
13,49,1740,0.174
15,49,1497,0.1497
16,49,7104,0.7104
17,49,1393,0.1393
18,49,990,0.099
19,49,314,0.0314
2,49,1477,0.1477
20,49,471,0.0471
21,49,524,0.0524
22,49,429,0.0429
23,49,146,0.0146
24,49,630,0.063
25,49,982,0.0982
26,49,1042,0.1042
27,49,793,0.0793
28,49,609,0.0609
29,49,1801,0.1801
30,49,1752,0.1752
31,49,496,0.0496
32,49,5703,0.5703
33,49,85,0.0085
34,49,751,0.0751
35,49,1404,0.1404
36,49,2239,0.2239
37,49,1335,0.1335
38,49,748,0.0748
39,49,1531,0.1531
4,49,7673,0.7673
40,49,1018,0.1018
41,49,2739,0.2739
42,49,1484,0.1484
44,49,157,0.0157
45,49,969,0.0969
46,49,282,0.0282
47,49,1032,0.1032
48,49,6335,0.6335
5,49,634,0.0634
50,49,186,0.0186
51,49,2190,0.219
53,49,4992,0.4992
54,49,100,0.01
55,49,810,0.081
56,49,2572,0.2572
6,49,17276,1.7276
72,49,161,0.0161
8,49,4623,0.4623
9,49,425,0.0425
AFR,49,1084,0.1084
ASI,49,6239,0.6239
CAM,49,3702,0.3702
CAR,49,366,0.0366
EUR,49,3790,0.379
ISL,49,88,0.0088
NAM,49,964,0.0964
OCE,49,1097,0.1097
SAM,49,4590,0.459
1,50,43,0.0043
10,50,31,0.0031
11,50,156,0.0156
12,50,923,0.0923
13,50,138,0.0138
15,50,42,0.0042
16,50,57,0.0057
17,50,405,0.0405
18,50,32,0.0032
19,50,103,0.0103
2,50,69,0.0069
20,50,20,0.002
21,50,121,0.0121
22,50,33,0.0033
23,50,713,0.0713
24,50,489,0.0489
25,50,3710,0.371
26,50,276,0.0276
27,50,24,0.0024
28,50,15,0.0015
29,50,78,0.0078
30,50,166,0.0166
31,50,63,0.0063
32,50,123,0.0123
33,50,2960,0.296
34,50,1006,0.1006
35,50,70,0.007
36,50,3056,0.3056
37,50,431,0.0431
38,50,19,0.0019
39,50,223,0.0223
4,50,138,0.0138
40,50,9,9e-04
41,50,291,0.0291
42,50,793,0.0793
44,50,394,0.0394
45,50,83,0.0083
46,50,141,0.0141
47,50,140,0.014
48,50,356,0.0356
49,50,190,0.019
5,50,4,4e-04
51,50,399,0.0399
53,50,372,0.0372
54,50,44,0.0044
55,50,44,0.0044
56,50,116,0.0116
6,50,1011,0.1011
72,50,85,0.0085
8,50,551,0.0551
9,50,1145,0.1145
AFR,50,57,0.0057
ASI,50,1231,0.1231
CAM,50,116,0.0116
CAR,50,78,0.0078
EUR,50,595,0.0595
ISL,50,26,0.0026
NAM,50,353,0.0353
OCE,50,61,0.0061
SAM,50,61,0.0061
1,51,3050,0.305
10,51,1283,0.1283
11,51,10617,1.0617
12,51,21002,2.1002
13,51,9209,0.9209
15,51,3333,0.3333
16,51,367,0.0367
17,51,6778,0.6778
18,51,2492,0.2492
19,51,950,0.095
2,51,1770,0.177
20,51,1828,0.1828
21,51,3363,0.3363
22,51,2423,0.2423
23,51,1060,0.106
24,51,27553,2.7553
25,51,4448,0.4448
26,51,3414,0.3414
27,51,2271,0.2271
28,51,1354,0.1354
29,51,2792,0.2792
30,51,254,0.0254
31,51,988,0.0988
32,51,1329,0.1329
33,51,742,0.0742
34,51,8890,0.889
35,51,1288,0.1288
36,51,15267,1.5267
37,51,22097,2.2097
38,51,563,0.0563
39,51,6331,0.6331
4,51,3064,0.3064
40,51,2112,0.2112
41,51,733,0.0733
42,51,13570,1.357
44,51,1485,0.1485
45,51,7616,0.7616
46,51,176,0.0176
47,51,6556,0.6556
48,51,14922,1.4922
49,51,2084,0.2084
5,51,695,0.0695
50,51,586,0.0586
53,51,4723,0.4723
54,51,6499,0.6499
55,51,1498,0.1498
56,51,153,0.0153
6,51,17723,1.7723
72,51,1880,0.188
8,51,3753,0.3753
9,51,3742,0.3742
AFR,51,6130,0.613
ASI,51,33951,3.3951
CAM,51,6025,0.6025
CAR,51,1518,0.1518
EUR,51,14547,1.4547
ISL,51,620,0.062
NAM,51,1071,0.1071
OCE,51,1637,0.1637
SAM,51,4190,0.419
1,53,1110,0.111
10,53,393,0.0393
11,53,628,0.0628
12,53,8640,0.864
13,53,5069,0.5069
15,53,4626,0.4626
16,53,10513,1.0513
17,53,6835,0.6835
18,53,1509,0.1509
19,53,1193,0.1193
2,53,5264,0.5264
20,53,2211,0.2211
21,53,1394,0.1394
22,53,1069,0.1069
23,53,571,0.0571
24,53,2826,0.2826
25,53,3074,0.3074
26,53,3357,0.3357
27,53,3346,0.3346
28,53,555,0.0555
29,53,2991,0.2991
30,53,4295,0.4295
31,53,848,0.0848
32,53,4288,0.4288
33,53,439,0.0439
34,53,2688,0.2688
35,53,1907,0.1907
36,53,5809,0.5809
37,53,5272,0.5272
38,53,1356,0.1356
39,53,3101,0.3101
4,53,11012,1.1012
40,53,2822,0.2822
41,53,28870,2.887
42,53,2927,0.2927
44,53,648,0.0648
45,53,2516,0.2516
46,53,1075,0.1075
47,53,2000,0.2
48,53,13761,1.3761
49,53,5762,0.5762
5,53,1229,0.1229
50,53,529,0.0529
51,53,5717,0.5717
54,53,435,0.0435
55,53,2630,0.263
56,53,783,0.0783
6,53,45354,4.5354
72,53,452,0.0452
8,53,7731,0.7731
9,53,1127,0.1127
AFR,53,3723,0.3723
ASI,53,31496,3.1496
CAM,53,6634,0.6634
CAR,53,327,0.0327
EUR,53,9947,0.9947
ISL,53,963,0.0963
NAM,53,3267,0.3267
OCE,53,2014,0.2014
SAM,53,1992,0.1992
1,54,268,0.0268
10,54,198,0.0198
11,54,581,0.0581
12,54,2596,0.2596
13,54,921,0.0921
15,54,0,0
16,54,94,0.0094
17,54,308,0.0308
18,54,536,0.0536
19,54,52,0.0052
2,54,622,0.0622
20,54,119,0.0119
21,54,1596,0.1596
22,54,115,0.0115
23,54,135,0.0135
24,54,6202,0.6202
25,54,170,0.017
26,54,726,0.0726
27,54,139,0.0139
28,54,172,0.0172
29,54,255,0.0255
30,54,89,0.0089
31,54,97,0.0097
32,54,51,0.0051
33,54,156,0.0156
34,54,739,0.0739
35,54,115,0.0115
36,54,876,0.0876
37,54,2431,0.2431
38,54,25,0.0025
39,54,7151,0.7151
4,54,110,0.011
40,54,165,0.0165
41,54,91,0.0091
42,54,4680,0.468
44,54,59,0.0059
45,54,982,0.0982
46,54,26,0.0026
47,54,1132,0.1132
48,54,1366,0.1366
49,54,205,0.0205
5,54,167,0.0167
50,54,24,0.0024
51,54,6062,0.6062
53,54,163,0.0163
55,54,193,0.0193
56,54,0,0
6,54,1225,0.1225
72,54,226,0.0226
8,54,458,0.0458
9,54,352,0.0352
AFR,54,315,0.0315
ASI,54,1731,0.1731
CAM,54,246,0.0246
CAR,54,92,0.0092
EUR,54,742,0.0742
ISL,54,4,4e-04
NAM,54,89,0.0089
OCE,54,36,0.0036
SAM,54,31,0.0031
1,55,538,0.0538
10,55,122,0.0122
11,55,260,0.026
12,55,4305,0.4305
13,55,1524,0.1524
15,55,496,0.0496
16,55,383,0.0383
17,55,27148,2.7148
18,55,2542,0.2542
19,55,4469,0.4469
2,55,489,0.0489
20,55,554,0.0554
21,55,882,0.0882
22,55,553,0.0553
23,55,433,0.0433
24,55,556,0.0556
25,55,755,0.0755
26,55,5389,0.5389
27,55,18205,1.8205
28,55,618,0.0618
29,55,1776,0.1776
30,55,338,0.0338
31,55,521,0.0521
32,55,806,0.0806
33,55,233,0.0233
34,55,869,0.0869
35,55,504,0.0504
36,55,1820,0.182
37,55,2030,0.203
38,55,661,0.0661
39,55,2486,0.2486
4,55,2621,0.2621
40,55,990,0.099
41,55,752,0.0752
42,55,1625,0.1625
44,55,87,0.0087
45,55,742,0.0742
46,55,383,0.0383
47,55,1829,0.1829
48,55,4436,0.4436
49,55,1107,0.1107
5,55,623,0.0623
50,55,85,0.0085
51,55,1747,0.1747
53,55,1879,0.1879
54,55,200,0.02
56,55,291,0.0291
6,55,5747,0.5747
72,55,1121,0.1121
8,55,1946,0.1946
9,55,432,0.0432
AFR,55,950,0.095
ASI,55,9605,0.9605
CAM,55,1512,0.1512
CAR,55,476,0.0476
EUR,55,4312,0.4312
ISL,55,100,0.01
NAM,55,602,0.0602
OCE,55,463,0.0463
SAM,55,916,0.0916
1,56,177,0.0177
10,56,37,0.0037
11,56,6,6e-04
12,56,604,0.0604
13,56,232,0.0232
15,56,125,0.0125
16,56,1211,0.1211
17,56,391,0.0391
18,56,255,0.0255
19,56,296,0.0296
2,56,231,0.0231
20,56,230,0.023
21,56,144,0.0144
22,56,259,0.0259
23,56,169,0.0169
24,56,54,0.0054
25,56,115,0.0115
26,56,313,0.0313
27,56,432,0.0432
28,56,0,0
29,56,433,0.0433
30,56,1210,0.121
31,56,787,0.0787
32,56,346,0.0346
33,56,2,2e-04
34,56,93,0.0093
35,56,474,0.0474
36,56,341,0.0341
37,56,165,0.0165
38,56,622,0.0622
39,56,143,0.0143
4,56,800,0.08
40,56,281,0.0281
41,56,758,0.0758
42,56,485,0.0485
44,56,3,3e-04
45,56,61,0.0061
46,56,715,0.0715
47,56,193,0.0193
48,56,2037,0.2037
49,56,1705,0.1705
5,56,242,0.0242
50,56,19,0.0019
51,56,376,0.0376
53,56,1135,0.1135
54,56,43,0.0043
55,56,376,0.0376
6,56,2327,0.2327
72,56,21,0.0021
8,56,4746,0.4746
9,56,87,0.0087
AFR,56,216,0.0216
ASI,56,974,0.0974
CAM,56,432,0.0432
CAR,56,34,0.0034
EUR,56,391,0.0391
ISL,56,36,0.0036
NAM,56,60,0.006
OCE,56,31,0.0031
SAM,56,62,0.0062
